{
  "task": "conv3d",
  "chip": {
    "type": "m4",
    "name": "Apple M4",
    "bucket": "apple-m4",
    "cpu_cores": 10,
    "gpu_cores": 10,
    "ram_bytes": 17179869184
  },
  "metal_device": "Apple M4",
  "tg_static_mem_bytes": 20736,
  "pso_max_threads_per_tg": 1024,
  "correct": true,
  "metrics": {
    "speedup": 0.13541475613751738,
    "gflops": 67.39666569799428,
    "gbps": 0.2519285514774135,
    "arith_intensity": 267.5229357798165,
    "stability": 0.9826268078268132
  },
  "speedup": 0.13541475613751738,
  "kernel_timing": {
    "chip": {
      "type": "m4",
      "name": "Apple M4",
      "bucket": "apple-m4",
      "cpu_cores": 10,
      "gpu_cores": 10,
      "ram_bytes": 17179869184
    },
    "metal_device": "Apple M4",
    "tg_static_mem_bytes": 20736,
    "pso_max_threads_per_tg": 1024,
    "min_ms": 153.834542,
    "median_ms": 177.2185,
    "mean_ms": 174.192225,
    "iters": 5,
    "available_counter_sets": [
      "timestamp"
    ],
    "profiling": {
      "counters_available": false
    }
  },
  "reference_timing": {
    "min_ms": 23.971292190253735,
    "median_ms": 23.997999960556626,
    "mean_ms": 23.992833634838462,
    "iters": 5,
    "peak_memory_bytes": 127631376
  },
  "outputs": [
    {
      "ok": true,
      "max_err": 0.000202178955078125
    }
  ],
  "available_counter_sets": [
    "timestamp"
  ],
  "profiling": {
    "counters_available": false
  },
  "target": "speed",
  "score": 0.13541475613751738
}