{
  "task": "conv2d_mish_mish",
  "chip": {
    "type": "m4",
    "name": "Apple M4",
    "bucket": "apple-m4",
    "cpu_cores": 10,
    "gpu_cores": 10,
    "ram_bytes": 17179869184
  },
  "metal_device": "Apple M4",
  "tg_static_mem_bytes": 32768,
  "pso_max_threads_per_tg": 1024,
  "correct": true,
  "metrics": {
    "speedup": 0.04927485641571241,
    "gflops": 25.132260850241174,
    "gbps": 0.1336518423404269,
    "arith_intensity": 188.0427565392354,
    "stability": 0.44177293002920937
  },
  "speedup": 0.04927485641571241,
  "kernel_timing": {
    "chip": {
      "type": "m4",
      "name": "Apple M4",
      "bucket": "apple-m4",
      "cpu_cores": 10,
      "gpu_cores": 10,
      "ram_bytes": 17179869184
    },
    "metal_device": "Apple M4",
    "tg_static_mem_bytes": 32768,
    "pso_max_threads_per_tg": 1024,
    "min_ms": 3.840375,
    "median_ms": 182.777458,
    "mean_ms": 117.298346,
    "iters": 10,
    "available_counter_sets": [
      "timestamp"
    ],
    "profiling": {
      "counters_available": false
    }
  },
  "reference_timing": {
    "min_ms": 7.992625003680587,
    "median_ms": 9.006332998978905,
    "mean_ms": 9.590675101208035,
    "iters": 10,
    "peak_memory_bytes": 87408668
  },
  "outputs": [
    {
      "ok": true,
      "max_err": 0.000152587890625
    }
  ],
  "available_counter_sets": [
    "timestamp"
  ],
  "profiling": {
    "counters_available": false
  },
  "target": "speed",
  "score": 0.04927485641571241
}