{
  "task": "conv2d_relu_bias",
  "chip": {
    "type": "m4",
    "name": "Apple M4",
    "bucket": "apple-m4",
    "cpu_cores": 10,
    "gpu_cores": 10,
    "ram_bytes": 17179869184
  },
  "metal_device": "Apple M4",
  "tg_static_mem_bytes": 32768,
  "pso_max_threads_per_tg": 1024,
  "correct": true,
  "metrics": {
    "speedup": 0.022377142173768693,
    "gflops": 14.525382742144238,
    "gbps": 0.07811692249641657,
    "arith_intensity": 185.9441242428688,
    "stability": 0.9941726231184711
  },
  "speedup": 0.022377142173768693,
  "kernel_timing": {
    "chip": {
      "type": "m4",
      "name": "Apple M4",
      "bucket": "apple-m4",
      "cpu_cores": 10,
      "gpu_cores": 10,
      "ram_bytes": 17179869184
    },
    "metal_device": "Apple M4",
    "tg_static_mem_bytes": 32768,
    "pso_max_threads_per_tg": 1024,
    "min_ms": 139.770375,
    "median_ms": 312.72425,
    "mean_ms": 310.912446,
    "iters": 10,
    "available_counter_sets": [
      "timestamp"
    ],
    "profiling": {
      "counters_available": false
    }
  },
  "reference_timing": {
    "min_ms": 2.954875002615154,
    "median_ms": 6.997875003435183,
    "mean_ms": 6.4929789026791696,
    "iters": 10,
    "peak_memory_bytes": 55919128
  },
  "outputs": [
    {
      "ok": true,
      "max_err": 0.000152587890625
    }
  ],
  "available_counter_sets": [
    "timestamp"
  ],
  "profiling": {
    "counters_available": false
  },
  "target": "speed",
  "score": 0.022377142173768693
}