{
  "task": "conv3d",
  "chip": {
    "type": "m4",
    "name": "Apple M4",
    "bucket": "apple-m4",
    "cpu_cores": 10,
    "gpu_cores": 10,
    "ram_bytes": 17179869184
  },
  "metal_device": "Apple M4",
  "tg_static_mem_bytes": 20736,
  "pso_max_threads_per_tg": 1024,
  "correct": true,
  "metrics": {
    "speedup": 0.14683441415446133,
    "gflops": 73.07470670907958,
    "gbps": 0.2731530531992344,
    "arith_intensity": 267.5229357798165,
    "stability": 0.9987939246369631
  },
  "speedup": 0.14683441415446133,
  "kernel_timing": {
    "chip": {
      "type": "m4",
      "name": "Apple M4",
      "bucket": "apple-m4",
      "cpu_cores": 10,
      "gpu_cores": 10,
      "ram_bytes": 17179869184
    },
    "metal_device": "Apple M4",
    "tg_static_mem_bytes": 20736,
    "pso_max_threads_per_tg": 1024,
    "min_ms": 131.515125,
    "median_ms": 163.448292,
    "mean_ms": 163.645661,
    "iters": 200,
    "available_counter_sets": [
      "timestamp"
    ],
    "profiling": {
      "counters_available": false
    }
  },
  "reference_timing": {
    "min_ms": 9.911667089909315,
    "median_ms": 23.99983420036733,
    "mean_ms": 23.51986498804763,
    "iters": 200,
    "peak_memory_bytes": 127631376
  },
  "outputs": [
    {
      "ok": true,
      "max_err": 0.000202178955078125
    }
  ],
  "available_counter_sets": [
    "timestamp"
  ],
  "profiling": {
    "counters_available": false
  },
  "target": "speed",
  "score": 0.14683441415446133
}