{
  "task": "conv2d_relu_bias",
  "chip": {
    "type": "m4",
    "name": "Apple M4",
    "bucket": "apple-m4",
    "cpu_cores": 10,
    "gpu_cores": 10,
    "ram_bytes": 17179869184
  },
  "metal_device": "Apple M4",
  "tg_static_mem_bytes": 32768,
  "pso_max_threads_per_tg": 1024,
  "correct": true,
  "metrics": {
    "speedup": 0.03463468217447165,
    "gflops": 22.672845562420722,
    "gbps": 0.12193364891060951,
    "arith_intensity": 185.9441242428688,
    "stability": 0.4133609421003055
  },
  "speedup": 0.03463468217447165,
  "kernel_timing": {
    "chip": {
      "type": "m4",
      "name": "Apple M4",
      "bucket": "apple-m4",
      "cpu_cores": 10,
      "gpu_cores": 10,
      "ram_bytes": 17179869184
    },
    "metal_device": "Apple M4",
    "tg_static_mem_bytes": 32768,
    "pso_max_threads_per_tg": 1024,
    "min_ms": 57.231125,
    "median_ms": 200.347125,
    "mean_ms": 484.678412,
    "iters": 50,
    "available_counter_sets": [
      "timestamp"
    ],
    "profiling": {
      "counters_available": false
    }
  },
  "reference_timing": {
    "min_ms": 2.8306659951340407,
    "median_ms": 6.938958998944145,
    "mean_ms": 5.9584333190287,
    "iters": 50,
    "peak_memory_bytes": 55919128
  },
  "outputs": [
    {
      "ok": true,
      "max_err": 0.000152587890625
    }
  ],
  "available_counter_sets": [
    "timestamp"
  ],
  "profiling": {
    "counters_available": false
  },
  "target": "speed",
  "score": 0.03463468217447165
}