{
  "task": "conv2d",
  "chip": {
    "type": "m4",
    "name": "Apple M4",
    "bucket": "apple-m4",
    "cpu_cores": 10,
    "gpu_cores": 10,
    "ram_bytes": 17179869184
  },
  "metal_device": "Apple M4",
  "tg_static_mem_bytes": 32768,
  "pso_max_threads_per_tg": 1024,
  "correct": true,
  "metrics": {
    "speedup": 0.007750535275402257,
    "gflops": 6.917008618294719,
    "gbps": 0.03726319462465829,
    "arith_intensity": 185.62575452716297,
    "stability": 0.9637460891068629
  },
  "speedup": 0.007750535275402257,
  "kernel_timing": {
    "chip": {
      "type": "m4",
      "name": "Apple M4",
      "bucket": "apple-m4",
      "cpu_cores": 10,
      "gpu_cores": 10,
      "ram_bytes": 17179869184
    },
    "metal_device": "Apple M4",
    "tg_static_mem_bytes": 32768,
    "pso_max_threads_per_tg": 1024,
    "min_ms": 111.553,
    "median_ms": 655.567625,
    "mean_ms": 680.228571,
    "iters": 10,
    "available_counter_sets": [
      "timestamp"
    ],
    "profiling": {
      "counters_available": false
    }
  },
  "reference_timing": {
    "min_ms": 1.963957998668775,
    "median_ms": 5.081000002974179,
    "mean_ms": 4.791362698597368,
    "iters": 10,
    "peak_memory_bytes": 55918608
  },
  "outputs": [
    {
      "ok": true,
      "max_err": 0.000152587890625
    }
  ],
  "available_counter_sets": [
    "timestamp"
  ],
  "profiling": {
    "counters_available": false
  },
  "target": "speed",
  "score": 0.007750535275402257
}