{
  "task": "conv1d",
  "chip": {
    "type": "m4",
    "name": "Apple M4",
    "bucket": "apple-m4",
    "cpu_cores": 10,
    "gpu_cores": 10,
    "ram_bytes": 17179869184
  },
  "metal_device": "Apple M4",
  "tg_static_mem_bytes": 16384,
  "pso_max_threads_per_tg": 1024,
  "correct": true,
  "metrics": {
    "speedup": 0.021181639202316506,
    "gflops": 2.123339858251772,
    "gbps": 0.035354165946941414,
    "arith_intensity": 60.05911330049261,
    "stability": 0.8510961838346738
  },
  "speedup": 0.021181639202316506,
  "kernel_timing": {
    "chip": {
      "type": "m4",
      "name": "Apple M4",
      "bucket": "apple-m4",
      "cpu_cores": 10,
      "gpu_cores": 10,
      "ram_bytes": 17179869184
    },
    "metal_device": "Apple M4",
    "tg_static_mem_bytes": 16384,
    "pso_max_threads_per_tg": 1024,
    "min_ms": 17.071375,
    "median_ms": 47.037625,
    "mean_ms": 40.941308,
    "iters": 10,
    "available_counter_sets": [
      "timestamp"
    ],
    "profiling": {
      "counters_available": false
    }
  },
  "reference_timing": {
    "min_ms": 0.9282079990953207,
    "median_ms": 0.9963340016838629,
    "mean_ms": 1.5898292000201764,
    "iters": 10,
    "peak_memory_bytes": 4816912
  },
  "outputs": [
    {
      "ok": true,
      "max_err": 4.57763671875e-05
    }
  ],
  "available_counter_sets": [
    "timestamp"
  ],
  "profiling": {
    "counters_available": false
  },
  "target": "speed",
  "score": 0.021181639202316506
}