{
  "task": "conv2d",
  "chip": {
    "type": "m4",
    "name": "Apple M4",
    "bucket": "apple-m4",
    "cpu_cores": 10,
    "gpu_cores": 10,
    "ram_bytes": 17179869184
  },
  "metal_device": "Apple M4",
  "tg_static_mem_bytes": 32768,
  "pso_max_threads_per_tg": 1024,
  "correct": true,
  "metrics": {
    "speedup": 0.009053734576198237,
    "gflops": 8.227064933344884,
    "gbps": 0.04432070837530792,
    "arith_intensity": 185.62575452716297,
    "stability": 0.7118316376880013
  },
  "speedup": 0.009053734576198237,
  "kernel_timing": {
    "chip": {
      "type": "m4",
      "name": "Apple M4",
      "bucket": "apple-m4",
      "cpu_cores": 10,
      "gpu_cores": 10,
      "ram_bytes": 17179869184
    },
    "metal_device": "Apple M4",
    "tg_static_mem_bytes": 32768,
    "pso_max_threads_per_tg": 1024,
    "min_ms": 3.500667,
    "median_ms": 551.17675,
    "mean_ms": 427.876329,
    "iters": 10,
    "available_counter_sets": [
      "timestamp"
    ],
    "profiling": {
      "counters_available": false
    }
  },
  "reference_timing": {
    "min_ms": 1.9062080027651973,
    "median_ms": 4.990207999071572,
    "mean_ms": 4.783979200874455,
    "iters": 10,
    "peak_memory_bytes": 55918608
  },
  "outputs": [
    {
      "ok": true,
      "max_err": 0.000152587890625
    }
  ],
  "available_counter_sets": [
    "timestamp"
  ],
  "profiling": {
    "counters_available": false
  },
  "target": "speed",
  "score": 0.009053734576198237
}