{
  "task": "conv3d",
  "chip": {
    "type": "m4",
    "name": "Apple M4",
    "bucket": "apple-m4",
    "cpu_cores": 10,
    "gpu_cores": 10,
    "ram_bytes": 17179869184
  },
  "metal_device": "Apple M4",
  "tg_static_mem_bytes": 20736,
  "pso_max_threads_per_tg": 1024,
  "correct": true,
  "metrics": {
    "speedup": 0.11632874226137528,
    "gflops": 49.6631936756428,
    "gbps": 0.18564088170936438,
    "arith_intensity": 267.5229357798165,
    "stability": 0.9960299855383317
  },
  "speedup": 0.11632874226137528,
  "kernel_timing": {
    "chip": {
      "type": "m4",
      "name": "Apple M4",
      "bucket": "apple-m4",
      "cpu_cores": 10,
      "gpu_cores": 10,
      "ram_bytes": 17179869184
    },
    "metal_device": "Apple M4",
    "tg_static_mem_bytes": 20736,
    "pso_max_threads_per_tg": 1024,
    "min_ms": 211.64225,
    "median_ms": 240.49875,
    "mean_ms": 239.547742,
    "iters": 5,
    "available_counter_sets": [
      "timestamp"
    ],
    "profiling": {
      "counters_available": false
    }
  },
  "reference_timing": {
    "min_ms": 15.102999983355403,
    "median_ms": 27.97691710293293,
    "mean_ms": 25.18609205726534,
    "iters": 5,
    "peak_memory_bytes": 99975184
  },
  "outputs": [
    {
      "ok": true,
      "max_err": 0.000202178955078125
    }
  ],
  "available_counter_sets": [
    "timestamp"
  ],
  "profiling": {
    "counters_available": false
  },
  "target": "speed",
  "score": 0.11632874226137528
}