{
  "task": "conv3d",
  "chip": {
    "type": "m4",
    "name": "Apple M4",
    "bucket": "apple-m4",
    "cpu_cores": 10,
    "gpu_cores": 10,
    "ram_bytes": 17179869184
  },
  "metal_device": "Apple M4",
  "tg_static_mem_bytes": 20736,
  "pso_max_threads_per_tg": 1024,
  "correct": true,
  "metrics": {
    "speedup": 0.01362416248458814,
    "gflops": 18.066295740716967,
    "gbps": 0.06753176391420267,
    "arith_intensity": 267.5229357798165,
    "stability": 0.9181367797221053
  },
  "speedup": 0.01362416248458814,
  "kernel_timing": {
    "chip": {
      "type": "m4",
      "name": "Apple M4",
      "bucket": "apple-m4",
      "cpu_cores": 10,
      "gpu_cores": 10,
      "ram_bytes": 17179869184
    },
    "metal_device": "Apple M4",
    "tg_static_mem_bytes": 20736,
    "pso_max_threads_per_tg": 1024,
    "min_ms": 398.908458,
    "median_ms": 661.117042,
    "mean_ms": 720.063782,
    "iters": 50,
    "available_counter_sets": [
      "timestamp"
    ],
    "profiling": {
      "counters_available": false
    }
  },
  "reference_timing": {
    "min_ms": 4.936291996273212,
    "median_ms": 9.00716600153828,
    "mean_ms": 9.757892520283349,
    "iters": 50,
    "peak_memory_bytes": 99975184
  },
  "outputs": [
    {
      "ok": true,
      "max_err": 0.000202178955078125
    }
  ],
  "available_counter_sets": [
    "timestamp"
  ],
  "profiling": {
    "counters_available": false
  },
  "target": "speed",
  "score": 0.01362416248458814
}