{
  "task": "conv_transpose2d",
  "chip": {
    "type": "m4",
    "name": "Apple M4",
    "bucket": "apple-m4",
    "cpu_cores": 10,
    "gpu_cores": 10,
    "ram_bytes": 17179869184
  },
  "metal_device": "Apple M4",
  "tg_static_mem_bytes": 32768,
  "pso_max_threads_per_tg": 1024,
  "correct": true,
  "metrics": {
    "speedup": 0.0014082542378595774,
    "gflops": 1.0095179262824936,
    "gbps": 0.003989786084395555,
    "arith_intensity": 253.02557704304428,
    "stability": 0.9516724670329768
  },
  "speedup": 0.0014082542378595774,
  "kernel_timing": {
    "chip": {
      "type": "m4",
      "name": "Apple M4",
      "bucket": "apple-m4",
      "cpu_cores": 10,
      "gpu_cores": 10,
      "ram_bytes": 17179869184
    },
    "metal_device": "Apple M4",
    "tg_static_mem_bytes": 32768,
    "pso_max_threads_per_tg": 1024,
    "min_ms": 3173.109625,
    "median_ms": 4937.022583,
    "mean_ms": 4709.427567,
    "iters": 10,
    "available_counter_sets": [
      "timestamp"
    ],
    "profiling": {
      "counters_available": false
    }
  },
  "reference_timing": {
    "min_ms": 0.9742500260472298,
    "median_ms": 6.952582974918187,
    "mean_ms": 4.791074898093939,
    "iters": 10,
    "peak_memory_bytes": 71663632
  },
  "outputs": [
    {
      "ok": true,
      "max_err": 5.340576171875e-05
    }
  ],
  "available_counter_sets": [
    "timestamp"
  ],
  "profiling": {
    "counters_available": false
  },
  "target": "speed",
  "score": 0.0014082542378595774
}