{
  "task": "batch_mm",
  "chip": {
    "type": "m2",
    "name": "Apple M2",
    "bucket": "apple-m2",
    "cpu_cores": 8,
    "gpu_cores": 8,
    "ram_bytes": 8589934592
  },
  "metal_device": "Apple M2",
  "tg_static_mem_bytes": 17920,
  "pso_max_threads_per_tg": 1024,
  "correct": true,
  "metrics": {
    "speedup": 0.7708173095578165,
    "gflops": 1541.8325496073594,
    "gbps": 42.15948377832623,
    "arith_intensity": 36.57142857142857,
    "stability": 0.9651976201522695
  },
  "speedup": 0.7708173095578165,
  "kernel_timing": {
    "chip": {
      "type": "m2",
      "name": "Apple M2",
      "bucket": "apple-m2",
      "cpu_cores": 8,
      "gpu_cores": 8,
      "ram_bytes": 8589934592
    },
    "metal_device": "Apple M2",
    "tg_static_mem_bytes": 17920,
    "pso_max_threads_per_tg": 1024,
    "min_ms": 2.670458,
    "median_ms": 2.785625,
    "mean_ms": 2.886067,
    "iters": 50
  },
  "reference_timing": {
    "min_ms": 2.1154580172151327,
    "median_ms": 2.1472079679369926,
    "mean_ms": 2.1511224610731006,
    "iters": 50,
    "peak_memory_bytes": 218103824
  },
  "outputs": [
    {
      "ok": true,
      "max_err": 0.0
    }
  ],
  "target": "speed",
  "score": 0.7708173095578165
}