{
  "task": "batch_mm",
  "chip": {
    "type": "m2",
    "name": "Apple M2",
    "bucket": "apple-m2",
    "cpu_cores": 8,
    "gpu_cores": 8,
    "ram_bytes": 8589934592
  },
  "metal_device": "Apple M2",
  "tg_static_mem_bytes": 18944,
  "pso_max_threads_per_tg": 832,
  "correct": true,
  "metrics": {
    "speedup": 0.7220341630460904,
    "gflops": 1435.7836433078432,
    "gbps": 39.25970899669884,
    "arith_intensity": 36.57142857142857,
    "stability": 0.9877326502289727
  },
  "speedup": 0.7220341630460904,
  "kernel_timing": {
    "chip": {
      "type": "m2",
      "name": "Apple M2",
      "bucket": "apple-m2",
      "cpu_cores": 8,
      "gpu_cores": 8,
      "ram_bytes": 8589934592
    },
    "metal_device": "Apple M2",
    "tg_static_mem_bytes": 18944,
    "pso_max_threads_per_tg": 832,
    "min_ms": 2.715875,
    "median_ms": 2.991375,
    "mean_ms": 3.028527,
    "iters": 50
  },
  "reference_timing": {
    "min_ms": 2.116457966621965,
    "median_ms": 2.1598749444819987,
    "mean_ms": 2.211648339871317,
    "iters": 50,
    "peak_memory_bytes": 218103824
  },
  "outputs": [
    {
      "ok": true,
      "max_err": 0.0
    }
  ],
  "target": "speed",
  "score": 0.7220341630460904
}