{
  "task": "batch_mm",
  "chip": {
    "type": "m2",
    "name": "Apple M2",
    "bucket": "apple-m2",
    "cpu_cores": 8,
    "gpu_cores": 8,
    "ram_bytes": 8589934592
  },
  "metal_device": "Apple M2",
  "tg_static_mem_bytes": 18944,
  "pso_max_threads_per_tg": 832,
  "correct": true,
  "metrics": {
    "speedup": 0.6585967770007932,
    "gflops": 1279.089012467267,
    "gbps": 34.97509018465183,
    "arith_intensity": 36.57142857142857,
    "stability": 0.987169103304241
  },
  "speedup": 0.6585967770007932,
  "kernel_timing": {
    "chip": {
      "type": "m2",
      "name": "Apple M2",
      "bucket": "apple-m2",
      "cpu_cores": 8,
      "gpu_cores": 8,
      "ram_bytes": 8589934592
    },
    "metal_device": "Apple M2",
    "tg_static_mem_bytes": 18944,
    "pso_max_threads_per_tg": 832,
    "min_ms": 2.762875,
    "median_ms": 3.357833,
    "mean_ms": 3.401477,
    "iters": 100
  },
  "reference_timing": {
    "min_ms": 2.114167029503733,
    "median_ms": 2.2114579915069044,
    "mean_ms": 2.332701710984111,
    "iters": 100,
    "peak_memory_bytes": 218103824
  },
  "outputs": [
    {
      "ok": true,
      "max_err": 0.0
    }
  ],
  "target": "speed",
  "score": 0.6585967770007932
}