{
  "task": "batch_mm",
  "chip": {
    "type": "m2",
    "name": "Apple M2",
    "bucket": "apple-m2",
    "cpu_cores": 8,
    "gpu_cores": 8,
    "ram_bytes": 8589934592
  },
  "metal_device": "Apple M2",
  "tg_static_mem_bytes": 18944,
  "pso_max_threads_per_tg": 832,
  "correct": true,
  "metrics": {
    "speedup": 0.8228029495540216,
    "gflops": 1353.1897069841505,
    "gbps": 37.00128105034786,
    "arith_intensity": 36.57142857142857,
    "stability": 0.9941017580633763
  },
  "speedup": 0.8228029495540216,
  "kernel_timing": {
    "chip": {
      "type": "m2",
      "name": "Apple M2",
      "bucket": "apple-m2",
      "cpu_cores": 8,
      "gpu_cores": 8,
      "ram_bytes": 8589934592
    },
    "metal_device": "Apple M2",
    "tg_static_mem_bytes": 18944,
    "pso_max_threads_per_tg": 832,
    "min_ms": 2.755,
    "median_ms": 3.173958,
    "mean_ms": 3.155347,
    "iters": 50
  },
  "reference_timing": {
    "min_ms": 2.1466659964062274,
    "median_ms": 2.611542004160583,
    "mean_ms": 2.610459162387997,
    "iters": 50,
    "peak_memory_bytes": 218103824
  },
  "outputs": [
    {
      "ok": true,
      "max_err": 0.0
    }
  ],
  "target": "speed",
  "score": 0.8228029495540216
}