{
  "task": "cosine_similarity",
  "chip": {
    "type": "m2",
    "name": "Apple M2",
    "bucket": "apple-m2",
    "cpu_cores": 8,
    "gpu_cores": 8,
    "ram_bytes": 8589934592
  },
  "metal_device": "Apple M2",
  "tg_static_mem_bytes": 384,
  "pso_max_threads_per_tg": 1024,
  "correct": true,
  "metrics": {
    "speedup": 4.494905281469411,
    "gflops": 28.539203518627385,
    "gbps": 45.68502188255274,
    "arith_intensity": 0.6246949731576379,
    "stability": 0.7471722976682895
  },
  "speedup": 4.494905281469411,
  "kernel_timing": {
    "chip": {
      "type": "m2",
      "name": "Apple M2",
      "bucket": "apple-m2",
      "cpu_cores": 8,
      "gpu_cores": 8,
      "ram_bytes": 8589934592
    },
    "metal_device": "Apple M2",
    "tg_static_mem_bytes": 384,
    "pso_max_threads_per_tg": 1024,
    "min_ms": 0.182125,
    "median_ms": 0.183708,
    "mean_ms": 0.245871,
    "iters": 50
  },
  "reference_timing": {
    "min_ms": 0.7418750319629908,
    "median_ms": 0.8257500594481826,
    "mean_ms": 0.8736283262260258,
    "iters": 50,
    "peak_memory_bytes": 33587224
  },
  "outputs": [
    {
      "ok": true,
      "max_err": 2.9802322387695312e-08
    }
  ],
  "target": "speed",
  "score": 4.494905281469411
}