{
  "task": "cumprod",
  "chip": {
    "type": "m2",
    "name": "Apple M2",
    "bucket": "apple-m2",
    "cpu_cores": 8,
    "gpu_cores": 8,
    "ram_bytes": 8589934592
  },
  "metal_device": "Apple M2",
  "tg_static_mem_bytes": 4096,
  "pso_max_threads_per_tg": 1024,
  "correct": true,
  "metrics": {
    "speedup": 0.7441247270690452,
    "gflops": 2.0116565947242204,
    "gbps": 16.093252757793763,
    "arith_intensity": 0.125,
    "stability": 0.9586912140663221
  },
  "speedup": 0.7441247270690452,
  "kernel_timing": {
    "chip": {
      "type": "m2",
      "name": "Apple M2",
      "bucket": "apple-m2",
      "cpu_cores": 8,
      "gpu_cores": 8,
      "ram_bytes": 8589934592
    },
    "metal_device": "Apple M2",
    "tg_static_mem_bytes": 4096,
    "pso_max_threads_per_tg": 1024,
    "min_ms": 0.51975,
    "median_ms": 0.52125,
    "mean_ms": 0.54371,
    "iters": 50
  },
  "reference_timing": {
    "min_ms": 0.3640420036390424,
    "median_ms": 0.3878750139847398,
    "mean_ms": 0.40542498230934143,
    "iters": 50,
    "peak_memory_bytes": 20971536
  },
  "outputs": [
    {
      "ok": true,
      "max_err": 0.002685546875
    }
  ],
  "target": "speed",
  "score": 0.7441247270690452
}