{
  "task": "cumprod",
  "chip": {
    "type": "m2",
    "name": "Apple M2",
    "bucket": "apple-m2",
    "cpu_cores": 8,
    "gpu_cores": 8,
    "ram_bytes": 8589934592
  },
  "metal_device": "Apple M2",
  "tg_static_mem_bytes": 128,
  "pso_max_threads_per_tg": 1024,
  "correct": true,
  "metrics": {
    "speedup": 3.4398359135796617,
    "gflops": 8.009471649976703,
    "gbps": 64.07577319981363,
    "arith_intensity": 0.125,
    "stability": 0.8810916310529328
  },
  "speedup": 3.4398359135796617,
  "kernel_timing": {
    "chip": {
      "type": "m2",
      "name": "Apple M2",
      "bucket": "apple-m2",
      "cpu_cores": 8,
      "gpu_cores": 8,
      "ram_bytes": 8589934592
    },
    "metal_device": "Apple M2",
    "tg_static_mem_bytes": 128,
    "pso_max_threads_per_tg": 1024,
    "min_ms": 0.128375,
    "median_ms": 0.130917,
    "mean_ms": 0.148585,
    "iters": 50
  },
  "reference_timing": {
    "min_ms": 0.37241599056869745,
    "median_ms": 0.4503329982981086,
    "mean_ms": 0.7754799164831638,
    "iters": 50,
    "peak_memory_bytes": 20971536
  },
  "outputs": [
    {
      "ok": true,
      "max_err": 0.0029296875
    }
  ],
  "target": "speed",
  "score": 3.4398359135796617
}