{
  "task": "cumsum_reverse",
  "chip": {
    "type": "m2",
    "name": "Apple M2",
    "bucket": "apple-m2",
    "cpu_cores": 8,
    "gpu_cores": 8,
    "ram_bytes": 8589934592
  },
  "metal_device": "Apple M2",
  "tg_static_mem_bytes": 128,
  "pso_max_threads_per_tg": 1024,
  "correct": true,
  "metrics": {
    "speedup": 3.985590932176849,
    "gflops": 16.116441882805,
    "gbps": 64.46576753122,
    "arith_intensity": 0.25,
    "stability": 0.999661977890281
  },
  "speedup": 3.985590932176849,
  "kernel_timing": {
    "chip": {
      "type": "m2",
      "name": "Apple M2",
      "bucket": "apple-m2",
      "cpu_cores": 8,
      "gpu_cores": 8,
      "ram_bytes": 8589934592
    },
    "metal_device": "Apple M2",
    "tg_static_mem_bytes": 128,
    "pso_max_threads_per_tg": 1024,
    "min_ms": 0.127375,
    "median_ms": 0.130125,
    "mean_ms": 0.130169,
    "iters": 20
  },
  "reference_timing": {
    "min_ms": 0.5028750165365636,
    "median_ms": 0.5186250200495124,
    "mean_ms": 0.5405604490078986,
    "iters": 20,
    "peak_memory_bytes": 20971536
  },
  "outputs": [
    {
      "ok": true,
      "max_err": 1.52587890625e-05
    }
  ],
  "target": "speed",
  "score": 3.985590932176849
}