{
  "task": "cumsum",
  "chip": {
    "type": "m2",
    "name": "Apple M2",
    "bucket": "apple-m2",
    "cpu_cores": 8,
    "gpu_cores": 8,
    "ram_bytes": 8589934592
  },
  "metal_device": "Apple M2",
  "tg_static_mem_bytes": 128,
  "pso_max_threads_per_tg": 1024,
  "correct": true,
  "metrics": {
    "speedup": 3.04807684957408,
    "gflops": 8.06596923076923,
    "gbps": 64.52775384615384,
    "arith_intensity": 0.125,
    "stability": 0.8215992112647572
  },
  "speedup": 3.04807684957408,
  "kernel_timing": {
    "chip": {
      "type": "m2",
      "name": "Apple M2",
      "bucket": "apple-m2",
      "cpu_cores": 8,
      "gpu_cores": 8,
      "ram_bytes": 8589934592
    },
    "metal_device": "Apple M2",
    "tg_static_mem_bytes": 128,
    "pso_max_threads_per_tg": 1024,
    "min_ms": 0.127667,
    "median_ms": 0.13,
    "mean_ms": 0.158228,
    "iters": 50
  },
  "reference_timing": {
    "min_ms": 0.3772909985855222,
    "median_ms": 0.3962499904446304,
    "mean_ms": 0.46906078001484275,
    "iters": 50,
    "peak_memory_bytes": 20971536
  },
  "outputs": [
    {
      "ok": true,
      "max_err": 2.288818359375e-05
    }
  ],
  "target": "speed",
  "score": 3.04807684957408
}