{
  "task": "cumsum",
  "chip": {
    "type": "m2",
    "name": "Apple M2",
    "bucket": "apple-m2",
    "cpu_cores": 8,
    "gpu_cores": 8,
    "ram_bytes": 8589934592
  },
  "metal_device": "Apple M2",
  "tg_static_mem_bytes": 128,
  "pso_max_threads_per_tg": 1024,
  "correct": true,
  "metrics": {
    "speedup": 3.03428764594149,
    "gflops": 8.141623703335611,
    "gbps": 65.13298962668489,
    "arith_intensity": 0.125,
    "stability": 0.99614819398252
  },
  "speedup": 3.03428764594149,
  "kernel_timing": {
    "chip": {
      "type": "m2",
      "name": "Apple M2",
      "bucket": "apple-m2",
      "cpu_cores": 8,
      "gpu_cores": 8,
      "ram_bytes": 8589934592
    },
    "metal_device": "Apple M2",
    "tg_static_mem_bytes": 128,
    "pso_max_threads_per_tg": 1024,
    "min_ms": 0.126542,
    "median_ms": 0.128792,
    "mean_ms": 0.12929,
    "iters": 20
  },
  "reference_timing": {
    "min_ms": 0.3811659989878535,
    "median_ms": 0.3907919744960964,
    "mean_ms": 0.5262165941530839,
    "iters": 20,
    "peak_memory_bytes": 20971536
  },
  "outputs": [
    {
      "ok": true,
      "max_err": 2.288818359375e-05
    }
  ],
  "target": "speed",
  "score": 3.03428764594149
}