{
  "task": "gelu",
  "chip": {
    "type": "m2",
    "name": "Apple M2",
    "bucket": "apple-m2",
    "cpu_cores": 8,
    "gpu_cores": 8,
    "ram_bytes": 8589934592
  },
  "metal_device": "Apple M2",
  "tg_static_mem_bytes": 0,
  "pso_max_threads_per_tg": 1024,
  "correct": true,
  "metrics": {
    "speedup": 14.438030170344003,
    "gflops": 65.26514962903948,
    "gbps": 104.42423940646319,
    "arith_intensity": 0.625,
    "stability": 0.9881420980122024
  },
  "speedup": 14.438030170344003,
  "kernel_timing": {
    "chip": {
      "type": "m2",
      "name": "Apple M2",
      "bucket": "apple-m2",
      "cpu_cores": 8,
      "gpu_cores": 8,
      "ram_bytes": 8589934592
    },
    "metal_device": "Apple M2",
    "tg_static_mem_bytes": 0,
    "pso_max_threads_per_tg": 1024,
    "min_ms": 0.019625,
    "median_ms": 0.020083,
    "mean_ms": 0.020324,
    "iters": 50
  },
  "reference_timing": {
    "min_ms": 0.2602090244181454,
    "median_ms": 0.2899589599110186,
    "mean_ms": 0.2864424977451563,
    "iters": 50,
    "peak_memory_bytes": 5242908
  },
  "outputs": [
    {
      "ok": true,
      "max_err": 0.0004732739180326462
    }
  ],
  "target": "speed",
  "score": 14.438030170344003
}