{
  "task": "gelu",
  "chip": {
    "type": "m2",
    "name": "Apple M2",
    "bucket": "apple-m2",
    "cpu_cores": 8,
    "gpu_cores": 8,
    "ram_bytes": 8589934592
  },
  "metal_device": "Apple M2",
  "tg_static_mem_bytes": 0,
  "pso_max_threads_per_tg": 1024,
  "correct": true,
  "metrics": {
    "speedup": 12.253299539146662,
    "gflops": 65.26514962903948,
    "gbps": 104.42423940646319,
    "arith_intensity": 0.625,
    "stability": 0.9989532449406838
  },
  "speedup": 12.253299539146662,
  "kernel_timing": {
    "chip": {
      "type": "m2",
      "name": "Apple M2",
      "bucket": "apple-m2",
      "cpu_cores": 8,
      "gpu_cores": 8,
      "ram_bytes": 8589934592
    },
    "metal_device": "Apple M2",
    "tg_static_mem_bytes": 0,
    "pso_max_threads_per_tg": 1024,
    "min_ms": 0.019625,
    "median_ms": 0.020083,
    "mean_ms": 0.020062,
    "iters": 20
  },
  "reference_timing": {
    "min_ms": 0.23270800011232495,
    "median_ms": 0.2460830146446824,
    "mean_ms": 0.25255209184251726,
    "iters": 20,
    "peak_memory_bytes": 4194332
  },
  "outputs": [
    {
      "ok": true,
      "max_err": 0.0004732739180326462
    }
  ],
  "target": "speed",
  "score": 12.253299539146662
}