{
  "task": "hardsigmoid",
  "chip": {
    "type": "m2",
    "name": "Apple M2",
    "bucket": "apple-m2",
    "cpu_cores": 8,
    "gpu_cores": 8,
    "ram_bytes": 8589934592
  },
  "metal_device": "Apple M2",
  "tg_static_mem_bytes": 0,
  "pso_max_threads_per_tg": 1024,
  "correct": true,
  "metrics": {
    "speedup": 12.122380511858795,
    "gflops": 66.36556962025317,
    "gbps": 106.18491139240507,
    "arith_intensity": 0.625,
    "stability": 0.997970573313039
  },
  "speedup": 12.122380511858795,
  "kernel_timing": {
    "chip": {
      "type": "m2",
      "name": "Apple M2",
      "bucket": "apple-m2",
      "cpu_cores": 8,
      "gpu_cores": 8,
      "ram_bytes": 8589934592
    },
    "metal_device": "Apple M2",
    "tg_static_mem_bytes": 0,
    "pso_max_threads_per_tg": 1024,
    "min_ms": 0.014625,
    "median_ms": 0.01975,
    "mean_ms": 0.01971,
    "iters": 100
  },
  "reference_timing": {
    "min_ms": 0.22129196440801024,
    "median_ms": 0.2394170151092112,
    "mean_ms": 0.2416957338573411,
    "iters": 100,
    "peak_memory_bytes": 5242928
  },
  "outputs": [
    {
      "ok": true,
      "max_err": 5.960464477539063e-08
    }
  ],
  "target": "speed",
  "score": 12.122380511858795
}