{
  "task": "hardswish",
  "chip": {
    "type": "m2",
    "name": "Apple M2",
    "bucket": "apple-m2",
    "cpu_cores": 8,
    "gpu_cores": 8,
    "ram_bytes": 8589934592
  },
  "metal_device": "Apple M2",
  "tg_static_mem_bytes": 0,
  "pso_max_threads_per_tg": 1024,
  "correct": true,
  "metrics": {
    "speedup": 13.635562186595429,
    "gflops": 52.979789814066294,
    "gbps": 105.95957962813259,
    "arith_intensity": 0.5,
    "stability": 0.999646446790242
  },
  "speedup": 13.635562186595429,
  "kernel_timing": {
    "chip": {
      "type": "m2",
      "name": "Apple M2",
      "bucket": "apple-m2",
      "cpu_cores": 8,
      "gpu_cores": 8,
      "ram_bytes": 8589934592
    },
    "metal_device": "Apple M2",
    "tg_static_mem_bytes": 0,
    "pso_max_threads_per_tg": 1024,
    "min_ms": 0.019458,
    "median_ms": 0.019792,
    "mean_ms": 0.019799,
    "iters": 50
  },
  "reference_timing": {
    "min_ms": 0.26008300483226776,
    "median_ms": 0.26987504679709673,
    "mean_ms": 0.2984400815330446,
    "iters": 50,
    "peak_memory_bytes": 5242928
  },
  "outputs": [
    {
      "ok": true,
      "max_err": 4.76837158203125e-07
    }
  ],
  "target": "speed",
  "score": 13.635562186595429
}