{
  "task": "hardsigmoid",
  "chip": {
    "type": "m2",
    "name": "Apple M2",
    "bucket": "apple-m2",
    "cpu_cores": 8,
    "gpu_cores": 8,
    "ram_bytes": 8589934592
  },
  "metal_device": "Apple M2",
  "tg_static_mem_bytes": 0,
  "pso_max_threads_per_tg": 1024,
  "correct": true,
  "metrics": {
    "speedup": 14.835345306096707,
    "gflops": 39.90420133955754,
    "gbps": 106.41120357215344,
    "arith_intensity": 0.375,
    "stability": 0.999898528665652
  },
  "speedup": 14.835345306096707,
  "kernel_timing": {
    "chip": {
      "type": "m2",
      "name": "Apple M2",
      "bucket": "apple-m2",
      "cpu_cores": 8,
      "gpu_cores": 8,
      "ram_bytes": 8589934592
    },
    "metal_device": "Apple M2",
    "tg_static_mem_bytes": 0,
    "pso_max_threads_per_tg": 1024,
    "min_ms": 0.019375,
    "median_ms": 0.019708,
    "mean_ms": 0.01971,
    "iters": 50
  },
  "reference_timing": {
    "min_ms": 0.26050000451505184,
    "median_ms": 0.2923749852925539,
    "mean_ms": 0.2931591391097754,
    "iters": 50,
    "peak_memory_bytes": 5242928
  },
  "outputs": [
    {
      "ok": true,
      "max_err": 5.960464477539063e-08
    }
  ],
  "target": "speed",
  "score": 14.835345306096707
}