{
  "task": "l1_norm",
  "chip": {
    "type": "m2",
    "name": "Apple M2",
    "bucket": "apple-m2",
    "cpu_cores": 8,
    "gpu_cores": 8,
    "ram_bytes": 8589934592
  },
  "metal_device": "Apple M2",
  "tg_static_mem_bytes": 128,
  "pso_max_threads_per_tg": 1024,
  "correct": true,
  "metrics": {
    "speedup": 3.7966785320328285,
    "gflops": 18.11137211551748,
    "gbps": 36.258118004698076,
    "arith_intensity": 0.4995121951219512,
    "stability": 0.9953752256511648
  },
  "speedup": 3.7966785320328285,
  "kernel_timing": {
    "chip": {
      "type": "m2",
      "name": "Apple M2",
      "bucket": "apple-m2",
      "cpu_cores": 8,
      "gpu_cores": 8,
      "ram_bytes": 8589934592
    },
    "metal_device": "Apple M2",
    "tg_static_mem_bytes": 128,
    "pso_max_threads_per_tg": 1024,
    "min_ms": 0.115208,
    "median_ms": 0.115792,
    "mean_ms": 0.11633,
    "iters": 50
  },
  "reference_timing": {
    "min_ms": 0.32895797630771995,
    "median_ms": 0.4396250005811453,
    "mean_ms": 0.4453649988863617,
    "iters": 50,
    "peak_memory_bytes": 12599312
  },
  "outputs": [
    {
      "ok": true,
      "max_err": 0.0001220703125
    }
  ],
  "target": "speed",
  "score": 3.7966785320328285
}