{
  "task": "l1_norm",
  "chip": {
    "type": "m2",
    "name": "Apple M2",
    "bucket": "apple-m2",
    "cpu_cores": 8,
    "gpu_cores": 8,
    "ram_bytes": 8589934592
  },
  "metal_device": "Apple M2",
  "tg_static_mem_bytes": 128,
  "pso_max_threads_per_tg": 1024,
  "correct": true,
  "metrics": {
    "speedup": 3.2949861911840688,
    "gflops": 17.93081277039621,
    "gbps": 35.8966466594846,
    "arith_intensity": 0.4995121951219512,
    "stability": 0.9990928696128435
  },
  "speedup": 3.2949861911840688,
  "kernel_timing": {
    "chip": {
      "type": "m2",
      "name": "Apple M2",
      "bucket": "apple-m2",
      "cpu_cores": 8,
      "gpu_cores": 8,
      "ram_bytes": 8589934592
    },
    "metal_device": "Apple M2",
    "tg_static_mem_bytes": 128,
    "pso_max_threads_per_tg": 1024,
    "min_ms": 0.115458,
    "median_ms": 0.116958,
    "mean_ms": 0.116852,
    "iters": 20
  },
  "reference_timing": {
    "min_ms": 0.3487910144031048,
    "median_ms": 0.38537499494850636,
    "mean_ms": 0.3815333911916241,
    "iters": 20,
    "peak_memory_bytes": 12599312
  },
  "outputs": [
    {
      "ok": true,
      "max_err": 0.0001220703125
    }
  ],
  "target": "speed",
  "score": 3.2949861911840688
}