{
  "task": "l2_norm",
  "chip": {
    "type": "m2",
    "name": "Apple M2",
    "bucket": "apple-m2",
    "cpu_cores": 8,
    "gpu_cores": 8,
    "ram_bytes": 8589934592
  },
  "metal_device": "Apple M2",
  "tg_static_mem_bytes": 128,
  "pso_max_threads_per_tg": 1024,
  "correct": true,
  "metrics": {
    "speedup": 3.0003339015169597,
    "gflops": 25.015729622266402,
    "gbps": 33.3868787276342,
    "arith_intensity": 0.7492682926829268,
    "stability": 0.9998012323593719
  },
  "speedup": 3.0003339015169597,
  "kernel_timing": {
    "chip": {
      "type": "m2",
      "name": "Apple M2",
      "bucket": "apple-m2",
      "cpu_cores": 8,
      "gpu_cores": 8,
      "ram_bytes": 8589934592
    },
    "metal_device": "Apple M2",
    "tg_static_mem_bytes": 128,
    "pso_max_threads_per_tg": 1024,
    "min_ms": 0.125125,
    "median_ms": 0.12575,
    "mean_ms": 0.125775,
    "iters": 20
  },
  "reference_timing": {
    "min_ms": 0.3566250088624656,
    "median_ms": 0.3772919881157577,
    "mean_ms": 0.37838550633750856,
    "iters": 20,
    "peak_memory_bytes": 12599312
  },
  "outputs": [
    {
      "ok": true,
      "max_err": 3.814697265625e-06
    }
  ],
  "target": "speed",
  "score": 3.0003339015169597
}