{
  "task": "layer_norm",
  "chip": {
    "type": "m2",
    "name": "Apple M2",
    "bucket": "apple-m2",
    "cpu_cores": 8,
    "gpu_cores": 8,
    "ram_bytes": 8589934592
  },
  "metal_device": "Apple M2",
  "tg_static_mem_bytes": 256,
  "pso_max_threads_per_tg": 1024,
  "correct": true,
  "metrics": {
    "speedup": 2.060107520369233,
    "gflops": 38.50508590163935,
    "gbps": 44.0058124590164,
    "arith_intensity": 0.875,
    "stability": 0.99728476959779
  },
  "speedup": 2.060107520369233,
  "kernel_timing": {
    "chip": {
      "type": "m2",
      "name": "Apple M2",
      "bucket": "apple-m2",
      "cpu_cores": 8,
      "gpu_cores": 8,
      "ram_bytes": 8589934592
    },
    "metal_device": "Apple M2",
    "tg_static_mem_bytes": 256,
    "pso_max_threads_per_tg": 1024,
    "min_ms": 0.189375,
    "median_ms": 0.190625,
    "mean_ms": 0.191144,
    "iters": 50
  },
  "reference_timing": {
    "min_ms": 0.3617500187829137,
    "median_ms": 0.392707996070385,
    "mean_ms": 0.40063410298898816,
    "iters": 50,
    "peak_memory_bytes": 20979736
  },
  "outputs": [
    {
      "ok": true,
      "max_err": 7.152557373046875e-07
    }
  ],
  "target": "speed",
  "score": 2.060107520369233
}