{
  "task": "layer_norm",
  "chip": {
    "type": "m2",
    "name": "Apple M2",
    "bucket": "apple-m2",
    "cpu_cores": 8,
    "gpu_cores": 8,
    "ram_bytes": 8589934592
  },
  "metal_device": "Apple M2",
  "tg_static_mem_bytes": 256,
  "pso_max_threads_per_tg": 1024,
  "correct": true,
  "metrics": {
    "speedup": 2.137315111589401,
    "gflops": 38.1548122157245,
    "gbps": 43.605499675113705,
    "arith_intensity": 0.875,
    "stability": 0.8964602924592485
  },
  "speedup": 2.137315111589401,
  "kernel_timing": {
    "chip": {
      "type": "m2",
      "name": "Apple M2",
      "bucket": "apple-m2",
      "cpu_cores": 8,
      "gpu_cores": 8,
      "ram_bytes": 8589934592
    },
    "metal_device": "Apple M2",
    "tg_static_mem_bytes": 256,
    "pso_max_threads_per_tg": 1024,
    "min_ms": 0.191375,
    "median_ms": 0.192375,
    "mean_ms": 0.214594,
    "iters": 20
  },
  "reference_timing": {
    "min_ms": 0.3814590163528919,
    "median_ms": 0.411165994592011,
    "mean_ms": 0.47712280065752566,
    "iters": 20,
    "peak_memory_bytes": 20979736
  },
  "outputs": [
    {
      "ok": true,
      "max_err": 7.152557373046875e-07
    }
  ],
  "target": "speed",
  "score": 2.137315111589401
}