{
  "task": "layer_norm",
  "chip": {
    "type": "m2",
    "name": "Apple M2",
    "bucket": "apple-m2",
    "cpu_cores": 8,
    "gpu_cores": 8,
    "ram_bytes": 8589934592
  },
  "metal_device": "Apple M2",
  "tg_static_mem_bytes": 256,
  "pso_max_threads_per_tg": 1024,
  "correct": true,
  "metrics": {
    "speedup": 1.946097462218052,
    "gflops": 38.13835745980942,
    "gbps": 43.58669423978219,
    "arith_intensity": 0.875,
    "stability": 0.998417746144229
  },
  "speedup": 1.946097462218052,
  "kernel_timing": {
    "chip": {
      "type": "m2",
      "name": "Apple M2",
      "bucket": "apple-m2",
      "cpu_cores": 8,
      "gpu_cores": 8,
      "ram_bytes": 8589934592
    },
    "metal_device": "Apple M2",
    "tg_static_mem_bytes": 256,
    "pso_max_threads_per_tg": 1024,
    "min_ms": 0.191125,
    "median_ms": 0.192458,
    "mean_ms": 0.192763,
    "iters": 50
  },
  "reference_timing": {
    "min_ms": 0.3424579626880586,
    "median_ms": 0.37454202538356185,
    "mean_ms": 0.37726830574683845,
    "iters": 50,
    "peak_memory_bytes": 20979736
  },
  "outputs": [
    {
      "ok": true,
      "max_err": 7.152557373046875e-07
    }
  ],
  "target": "speed",
  "score": 1.946097462218052
}