{
  "task": "logsigmoid",
  "chip": {
    "type": "m2",
    "name": "Apple M2",
    "bucket": "apple-m2",
    "cpu_cores": 8,
    "gpu_cores": 8,
    "ram_bytes": 8589934592
  },
  "metal_device": "Apple M2",
  "tg_static_mem_bytes": 0,
  "pso_max_threads_per_tg": 1024,
  "correct": true,
  "metrics": {
    "speedup": 14.09723578641812,
    "gflops": 62.41523809523809,
    "gbps": 99.86438095238094,
    "arith_intensity": 0.625,
    "stability": 0.49926299272502495
  },
  "speedup": 14.09723578641812,
  "kernel_timing": {
    "chip": {
      "type": "m2",
      "name": "Apple M2",
      "bucket": "apple-m2",
      "cpu_cores": 8,
      "gpu_cores": 8,
      "ram_bytes": 8589934592
    },
    "metal_device": "Apple M2",
    "tg_static_mem_bytes": 0,
    "pso_max_threads_per_tg": 1024,
    "min_ms": 0.020583,
    "median_ms": 0.021,
    "mean_ms": 0.042062,
    "iters": 50
  },
  "reference_timing": {
    "min_ms": 0.26904098922386765,
    "median_ms": 0.2960419515147805,
    "mean_ms": 0.3160382038913667,
    "iters": 50,
    "peak_memory_bytes": 5242900
  },
  "outputs": [
    {
      "ok": true,
      "max_err": 4.76837158203125e-07
    }
  ],
  "target": "speed",
  "score": 14.09723578641812
}