{
  "task": "logsigmoid",
  "chip": {
    "type": "m2",
    "name": "Apple M2",
    "bucket": "apple-m2",
    "cpu_cores": 8,
    "gpu_cores": 8,
    "ram_bytes": 8589934592
  },
  "metal_device": "Apple M2",
  "tg_static_mem_bytes": 0,
  "pso_max_threads_per_tg": 1024,
  "correct": true,
  "metrics": {
    "speedup": 13.523325032626705,
    "gflops": 63.29534479428239,
    "gbps": 101.27255167085184,
    "arith_intensity": 0.625,
    "stability": 0.9994685220080205
  },
  "speedup": 13.523325032626705,
  "kernel_timing": {
    "chip": {
      "type": "m2",
      "name": "Apple M2",
      "bucket": "apple-m2",
      "cpu_cores": 8,
      "gpu_cores": 8,
      "ram_bytes": 8589934592
    },
    "metal_device": "Apple M2",
    "tg_static_mem_bytes": 0,
    "pso_max_threads_per_tg": 1024,
    "min_ms": 0.020292,
    "median_ms": 0.020708,
    "mean_ms": 0.020697,
    "iters": 100
  },
  "reference_timing": {
    "min_ms": 0.25933299912139773,
    "median_ms": 0.2800410147756338,
    "mean_ms": 0.2839987020706758,
    "iters": 100,
    "peak_memory_bytes": 5242900
  },
  "outputs": [
    {
      "ok": true,
      "max_err": 4.76837158203125e-07
    }
  ],
  "target": "speed",
  "score": 13.523325032626705
}