{
  "task": "matrix_scale",
  "chip": {
    "type": "m2",
    "name": "Apple M2",
    "bucket": "apple-m2",
    "cpu_cores": 8,
    "gpu_cores": 8,
    "ram_bytes": 8589934592
  },
  "metal_device": "Apple M2",
  "tg_static_mem_bytes": 0,
  "pso_max_threads_per_tg": 1024,
  "correct": true,
  "metrics": {
    "speedup": 3.210956361782117,
    "gflops": 10.534005746318137,
    "gbps": 84.2720459705451,
    "arith_intensity": 0.125,
    "stability": 0.9037934227968549
  },
  "speedup": 3.210956361782117,
  "kernel_timing": {
    "chip": {
      "type": "m2",
      "name": "Apple M2",
      "bucket": "apple-m2",
      "cpu_cores": 8,
      "gpu_cores": 8,
      "ram_bytes": 8589934592
    },
    "metal_device": "Apple M2",
    "tg_static_mem_bytes": 0,
    "pso_max_threads_per_tg": 1024,
    "min_ms": 0.091208,
    "median_ms": 0.099542,
    "mean_ms": 0.110138,
    "iters": 50
  },
  "reference_timing": {
    "min_ms": 0.300041981972754,
    "median_ms": 0.3196250181645155,
    "mean_ms": 0.3467391477897763,
    "iters": 50,
    "peak_memory_bytes": 20971544
  },
  "outputs": [
    {
      "ok": true,
      "max_err": 0.0
    }
  ],
  "target": "speed",
  "score": 3.210956361782117
}