{
  "task": "matrix_add",
  "chip": {
    "type": "m2",
    "name": "Apple M2",
    "bucket": "apple-m2",
    "cpu_cores": 8,
    "gpu_cores": 8,
    "ram_bytes": 8589934592
  },
  "metal_device": "Apple M2",
  "tg_static_mem_bytes": 0,
  "pso_max_threads_per_tg": 1024,
  "correct": true,
  "metrics": {
    "speedup": 2.0203044833099084,
    "gflops": 5.74168925393566,
    "gbps": 68.90027104722792,
    "arith_intensity": 0.08333333333333333,
    "stability": 0.9871941792706791
  },
  "speedup": 2.0203044833099084,
  "kernel_timing": {
    "chip": {
      "type": "m2",
      "name": "Apple M2",
      "bucket": "apple-m2",
      "cpu_cores": 8,
      "gpu_cores": 8,
      "ram_bytes": 8589934592
    },
    "metal_device": "Apple M2",
    "tg_static_mem_bytes": 0,
    "pso_max_threads_per_tg": 1024,
    "min_ms": 0.163208,
    "median_ms": 0.182625,
    "mean_ms": 0.184994,
    "iters": 50
  },
  "reference_timing": {
    "min_ms": 0.3374579828232527,
    "median_ms": 0.368958106264472,
    "mean_ms": 0.37568581523373723,
    "iters": 50,
    "peak_memory_bytes": 25165840
  },
  "outputs": [
    {
      "ok": true,
      "max_err": 0.0
    }
  ],
  "target": "speed",
  "score": 2.0203044833099084
}