{
  "task": "matvec",
  "chip": {
    "type": "m2",
    "name": "Apple M2",
    "bucket": "apple-m2",
    "cpu_cores": 8,
    "gpu_cores": 8,
    "ram_bytes": 8589934592
  },
  "metal_device": "Apple M2",
  "tg_static_mem_bytes": 128,
  "pso_max_threads_per_tg": 1024,
  "correct": true,
  "metrics": {
    "speedup": 1.960547108735357,
    "gflops": 17.119608163265305,
    "gbps": 34.30608979591837,
    "arith_intensity": 0.49902534113060426,
    "stability": 0.9996164736794861
  },
  "speedup": 1.960547108735357,
  "kernel_timing": {
    "chip": {
      "type": "m2",
      "name": "Apple M2",
      "bucket": "apple-m2",
      "cpu_cores": 8,
      "gpu_cores": 8,
      "ram_bytes": 8589934592
    },
    "metal_device": "Apple M2",
    "tg_static_mem_bytes": 128,
    "pso_max_threads_per_tg": 1024,
    "min_ms": 0.121625,
    "median_ms": 0.1225,
    "mean_ms": 0.122547,
    "iters": 50
  },
  "reference_timing": {
    "min_ms": 0.22033299319446087,
    "median_ms": 0.24016702082008123,
    "mean_ms": 0.24501412408426404,
    "iters": 50,
    "peak_memory_bytes": 4214800
  },
  "outputs": [
    {
      "ok": true,
      "max_err": 1.71661376953125e-05
    }
  ],
  "target": "speed",
  "score": 1.960547108735357
}