{
  "task": "rect_mm",
  "chip": {
    "type": "m2",
    "name": "Apple M2",
    "bucket": "apple-m2",
    "cpu_cores": 8,
    "gpu_cores": 8,
    "ram_bytes": 8589934592
  },
  "metal_device": "Apple M2",
  "tg_static_mem_bytes": 29184,
  "pso_max_threads_per_tg": 896,
  "correct": true,
  "metrics": {
    "speedup": 0.6355934973623314,
    "gflops": 1343.39735767836,
    "gbps": 4.591690187377208,
    "arith_intensity": 292.57142857142856,
    "stability": 0.9941850277388768
  },
  "speedup": 0.6355934973623314,
  "kernel_timing": {
    "chip": {
      "type": "m2",
      "name": "Apple M2",
      "bucket": "apple-m2",
      "cpu_cores": 8,
      "gpu_cores": 8,
      "ram_bytes": 8589934592
    },
    "metal_device": "Apple M2",
    "tg_static_mem_bytes": 29184,
    "pso_max_threads_per_tg": 896,
    "min_ms": 12.573625,
    "median_ms": 12.788375,
    "mean_ms": 12.863174,
    "iters": 50
  },
  "reference_timing": {
    "min_ms": 7.783500012010336,
    "median_ms": 8.128207991831005,
    "mean_ms": 8.243832597509027,
    "iters": 50,
    "peak_memory_bytes": 83886096
  },
  "outputs": [
    {
      "ok": true,
      "max_err": 0.0
    }
  ],
  "target": "speed",
  "score": 0.6355934973623314
}