{
  "task": "rect_mm",
  "chip": {
    "type": "m2",
    "name": "Apple M2",
    "bucket": "apple-m2",
    "cpu_cores": 8,
    "gpu_cores": 8,
    "ram_bytes": 8589934592
  },
  "metal_device": "Apple M2",
  "tg_static_mem_bytes": 18944,
  "pso_max_threads_per_tg": 896,
  "correct": true,
  "metrics": {
    "speedup": 0.8308590582794795,
    "gflops": 1774.1842030310074,
    "gbps": 6.064106162703638,
    "arith_intensity": 292.57142857142856,
    "stability": 0.9881570148407492
  },
  "speedup": 0.8308590582794795,
  "kernel_timing": {
    "chip": {
      "type": "m2",
      "name": "Apple M2",
      "bucket": "apple-m2",
      "cpu_cores": 8,
      "gpu_cores": 8,
      "ram_bytes": 8589934592
    },
    "metal_device": "Apple M2",
    "tg_static_mem_bytes": 18944,
    "pso_max_threads_per_tg": 896,
    "min_ms": 9.453125,
    "median_ms": 9.68325,
    "mean_ms": 9.799303,
    "iters": 100
  },
  "reference_timing": {
    "min_ms": 7.769624993670732,
    "median_ms": 8.045415976084769,
    "mean_ms": 8.135764501057565,
    "iters": 100,
    "peak_memory_bytes": 83886096
  },
  "outputs": [
    {
      "ok": true,
      "max_err": 0.0
    }
  ],
  "target": "speed",
  "score": 0.8308590582794795
}