{
  "task": "rect_mm",
  "chip": {
    "type": "m2",
    "name": "Apple M2",
    "bucket": "apple-m2",
    "cpu_cores": 8,
    "gpu_cores": 8,
    "ram_bytes": 8589934592
  },
  "metal_device": "Apple M2",
  "tg_static_mem_bytes": 18944,
  "pso_max_threads_per_tg": 896,
  "correct": true,
  "metrics": {
    "speedup": 0.8294720638133983,
    "gflops": 1681.169310500049,
    "gbps": 5.746184166748215,
    "arith_intensity": 292.57142857142856,
    "stability": 0.9843902049947568
  },
  "speedup": 0.8294720638133983,
  "kernel_timing": {
    "chip": {
      "type": "m2",
      "name": "Apple M2",
      "bucket": "apple-m2",
      "cpu_cores": 8,
      "gpu_cores": 8,
      "ram_bytes": 8589934592
    },
    "metal_device": "Apple M2",
    "tg_static_mem_bytes": 18944,
    "pso_max_threads_per_tg": 896,
    "min_ms": 9.627,
    "median_ms": 10.219,
    "mean_ms": 10.381046,
    "iters": 20
  },
  "reference_timing": {
    "min_ms": 8.122666971758008,
    "median_ms": 8.476375020109117,
    "mean_ms": 8.606406394392252,
    "iters": 20,
    "peak_memory_bytes": 83886096
  },
  "outputs": [
    {
      "ok": true,
      "max_err": 0.0
    }
  ],
  "target": "speed",
  "score": 0.8294720638133983
}