{
  "task": "rect_mm",
  "chip": {
    "type": "m2",
    "name": "Apple M2",
    "bucket": "apple-m2",
    "cpu_cores": 8,
    "gpu_cores": 8,
    "ram_bytes": 8589934592
  },
  "metal_device": "Apple M2",
  "tg_static_mem_bytes": 18944,
  "pso_max_threads_per_tg": 896,
  "correct": true,
  "metrics": {
    "speedup": 0.8207203467883762,
    "gflops": 1779.490560911504,
    "gbps": 6.082243128115492,
    "arith_intensity": 292.57142857142856,
    "stability": 0.9913081648316951
  },
  "speedup": 0.8207203467883762,
  "kernel_timing": {
    "chip": {
      "type": "m2",
      "name": "Apple M2",
      "bucket": "apple-m2",
      "cpu_cores": 8,
      "gpu_cores": 8,
      "ram_bytes": 8589934592
    },
    "metal_device": "Apple M2",
    "tg_static_mem_bytes": 18944,
    "pso_max_threads_per_tg": 896,
    "min_ms": 9.42875,
    "median_ms": 9.654375,
    "mean_ms": 9.739025,
    "iters": 50
  },
  "reference_timing": {
    "min_ms": 7.63133296277374,
    "median_ms": 7.92354199802503,
    "mean_ms": 8.020144215552136,
    "iters": 50,
    "peak_memory_bytes": 83886096
  },
  "outputs": [
    {
      "ok": true,
      "max_err": 0.0
    }
  ],
  "target": "speed",
  "score": 0.8207203467883762
}