{
  "task": "rect_mm",
  "chip": {
    "type": "m2",
    "name": "Apple M2",
    "bucket": "apple-m2",
    "cpu_cores": 8,
    "gpu_cores": 8,
    "ram_bytes": 8589934592
  },
  "metal_device": "Apple M2",
  "tg_static_mem_bytes": 16384,
  "pso_max_threads_per_tg": 896,
  "correct": true,
  "metrics": {
    "speedup": 0.7744064032783199,
    "gflops": 1690.862607705963,
    "gbps": 5.7793155536824905,
    "arith_intensity": 292.57142857142856,
    "stability": 0.9942618960363752
  },
  "speedup": 0.7744064032783199,
  "kernel_timing": {
    "chip": {
      "type": "m2",
      "name": "Apple M2",
      "bucket": "apple-m2",
      "cpu_cores": 8,
      "gpu_cores": 8,
      "ram_bytes": 8589934592
    },
    "metal_device": "Apple M2",
    "tg_static_mem_bytes": 16384,
    "pso_max_threads_per_tg": 896,
    "min_ms": 9.907375,
    "median_ms": 10.160417,
    "mean_ms": 10.219055,
    "iters": 200
  },
  "reference_timing": {
    "min_ms": 7.716374995652586,
    "median_ms": 7.868291984777898,
    "mean_ms": 7.917527303216048,
    "iters": 200,
    "peak_memory_bytes": 83886096
  },
  "outputs": [
    {
      "ok": true,
      "max_err": 0.0
    }
  ],
  "target": "speed",
  "score": 0.7744064032783199
}