{
  "task": "relu",
  "chip": {
    "type": "m2",
    "name": "Apple M2",
    "bucket": "apple-m2",
    "cpu_cores": 8,
    "gpu_cores": 8,
    "ram_bytes": 8589934592
  },
  "metal_device": "Apple M2",
  "tg_static_mem_bytes": 0,
  "pso_max_threads_per_tg": 1024,
  "correct": true,
  "metrics": {
    "speedup": 11.183545464956307,
    "gflops": 13.273113924050634,
    "gbps": 106.18491139240507,
    "arith_intensity": 0.125,
    "stability": 0.9986310399026518
  },
  "speedup": 11.183545464956307,
  "kernel_timing": {
    "chip": {
      "type": "m2",
      "name": "Apple M2",
      "bucket": "apple-m2",
      "cpu_cores": 8,
      "gpu_cores": 8,
      "ram_bytes": 8589934592
    },
    "metal_device": "Apple M2",
    "tg_static_mem_bytes": 0,
    "pso_max_threads_per_tg": 1024,
    "min_ms": 0.019458,
    "median_ms": 0.01975,
    "mean_ms": 0.019723,
    "iters": 20
  },
  "reference_timing": {
    "min_ms": 0.19737501861527562,
    "median_ms": 0.22087502293288708,
    "mean_ms": 0.22602920071221888,
    "iters": 20,
    "peak_memory_bytes": 5242904
  },
  "outputs": [
    {
      "ok": true,
      "max_err": 0.0
    }
  ],
  "target": "speed",
  "score": 11.183545464956307
}