{
  "task": "relu",
  "chip": {
    "type": "m2",
    "name": "Apple M2",
    "bucket": "apple-m2",
    "cpu_cores": 8,
    "gpu_cores": 8,
    "ram_bytes": 8589934592
  },
  "metal_device": "Apple M2",
  "tg_static_mem_bytes": 0,
  "pso_max_threads_per_tg": 1024,
  "correct": true,
  "metrics": {
    "speedup": 10.788763959474162,
    "gflops": 13.30140044651918,
    "gbps": 106.41120357215344,
    "arith_intensity": 0.125,
    "stability": 0.9870780326555143
  },
  "speedup": 10.788763959474162,
  "kernel_timing": {
    "chip": {
      "type": "m2",
      "name": "Apple M2",
      "bucket": "apple-m2",
      "cpu_cores": 8,
      "gpu_cores": 8,
      "ram_bytes": 8589934592
    },
    "metal_device": "Apple M2",
    "tg_static_mem_bytes": 0,
    "pso_max_threads_per_tg": 1024,
    "min_ms": 0.019375,
    "median_ms": 0.019708,
    "mean_ms": 0.019966,
    "iters": 50
  },
  "reference_timing": {
    "min_ms": 0.19995798356831074,
    "median_ms": 0.21262496011331677,
    "mean_ms": 0.21726417588070035,
    "iters": 50,
    "peak_memory_bytes": 5242904
  },
  "outputs": [
    {
      "ok": true,
      "max_err": 0.0
    }
  ],
  "target": "speed",
  "score": 10.788763959474162
}