{
  "task": "relu",
  "chip": {
    "type": "m2",
    "name": "Apple M2",
    "bucket": "apple-m2",
    "cpu_cores": 8,
    "gpu_cores": 8,
    "ram_bytes": 8589934592
  },
  "metal_device": "Apple M2",
  "tg_static_mem_bytes": 0,
  "pso_max_threads_per_tg": 1024,
  "correct": true,
  "metrics": {
    "speedup": 10.71265510956148,
    "gflops": 13.30140044651918,
    "gbps": 106.41120357215344,
    "arith_intensity": 0.125,
    "stability": 0.993196593257068
  },
  "speedup": 10.71265510956148,
  "kernel_timing": {
    "chip": {
      "type": "m2",
      "name": "Apple M2",
      "bucket": "apple-m2",
      "cpu_cores": 8,
      "gpu_cores": 8,
      "ram_bytes": 8589934592
    },
    "metal_device": "Apple M2",
    "tg_static_mem_bytes": 0,
    "pso_max_threads_per_tg": 1024,
    "min_ms": 0.01925,
    "median_ms": 0.019708,
    "mean_ms": 0.019843,
    "iters": 200
  },
  "reference_timing": {
    "min_ms": 0.19279198022559285,
    "median_ms": 0.21112500689923763,
    "mean_ms": 0.2127124581602402,
    "iters": 200,
    "peak_memory_bytes": 5242904
  },
  "outputs": [
    {
      "ok": true,
      "max_err": 0.0
    }
  ],
  "target": "speed",
  "score": 10.71265510956148
}