{
  "task": "relu",
  "chip": {
    "type": "m2",
    "name": "Apple M2",
    "bucket": "apple-m2",
    "cpu_cores": 8,
    "gpu_cores": 8,
    "ram_bytes": 8589934592
  },
  "metal_device": "Apple M2",
  "tg_static_mem_bytes": 0,
  "pso_max_threads_per_tg": 1024,
  "correct": true,
  "metrics": {
    "speedup": 10.177810915678599,
    "gflops": 13.329130014745513,
    "gbps": 106.6330401179641,
    "arith_intensity": 0.125,
    "stability": 0.998071555442781
  },
  "speedup": 10.177810915678599,
  "kernel_timing": {
    "chip": {
      "type": "m2",
      "name": "Apple M2",
      "bucket": "apple-m2",
      "cpu_cores": 8,
      "gpu_cores": 8,
      "ram_bytes": 8589934592
    },
    "metal_device": "Apple M2",
    "tg_static_mem_bytes": 0,
    "pso_max_threads_per_tg": 1024,
    "min_ms": 0.019375,
    "median_ms": 0.019667,
    "mean_ms": 0.019705,
    "iters": 100
  },
  "reference_timing": {
    "min_ms": 0.18145801732316613,
    "median_ms": 0.200167007278651,
    "mean_ms": 0.2025587810203433,
    "iters": 100,
    "peak_memory_bytes": 5242904
  },
  "outputs": [
    {
      "ok": true,
      "max_err": 0.0
    }
  ],
  "target": "speed",
  "score": 10.177810915678599
}