{
  "task": "relu",
  "chip": {
    "type": "m2",
    "name": "Apple M2",
    "bucket": "apple-m2",
    "cpu_cores": 8,
    "gpu_cores": 8,
    "ram_bytes": 8589934592
  },
  "metal_device": "Apple M2",
  "tg_static_mem_bytes": 0,
  "pso_max_threads_per_tg": 1024,
  "correct": true,
  "metrics": {
    "speedup": 9.236907197443399,
    "gflops": 13.30140044651918,
    "gbps": 106.41120357215344,
    "arith_intensity": 0.125,
    "stability": 0.9951022469073466
  },
  "speedup": 9.236907197443399,
  "kernel_timing": {
    "chip": {
      "type": "m2",
      "name": "Apple M2",
      "bucket": "apple-m2",
      "cpu_cores": 8,
      "gpu_cores": 8,
      "ram_bytes": 8589934592
    },
    "metal_device": "Apple M2",
    "tg_static_mem_bytes": 0,
    "pso_max_threads_per_tg": 1024,
    "min_ms": 0.019167,
    "median_ms": 0.019708,
    "mean_ms": 0.019805,
    "iters": 50
  },
  "reference_timing": {
    "min_ms": 0.1754579716362059,
    "median_ms": 0.1820409670472145,
    "mean_ms": 0.18898072186857462,
    "iters": 50,
    "peak_memory_bytes": 5242904
  },
  "outputs": [
    {
      "ok": true,
      "max_err": 0.0
    }
  ],
  "target": "speed",
  "score": 9.236907197443399
}