{
  "task": "rms_norm",
  "chip": {
    "type": "m2",
    "name": "Apple M2",
    "bucket": "apple-m2",
    "cpu_cores": 8,
    "gpu_cores": 8,
    "ram_bytes": 8589934592
  },
  "metal_device": "Apple M2",
  "tg_static_mem_bytes": 128,
  "pso_max_threads_per_tg": 1024,
  "correct": true,
  "metrics": {
    "speedup": 2.3941607016804203,
    "gflops": 37.888925022583564,
    "gbps": 60.622280036133695,
    "arith_intensity": 0.625,
    "stability": 0.9980165885322755
  },
  "speedup": 2.3941607016804203,
  "kernel_timing": {
    "chip": {
      "type": "m2",
      "name": "Apple M2",
      "bucket": "apple-m2",
      "cpu_cores": 8,
      "gpu_cores": 8,
      "ram_bytes": 8589934592
    },
    "metal_device": "Apple M2",
    "tg_static_mem_bytes": 128,
    "pso_max_threads_per_tg": 1024,
    "min_ms": 0.137125,
    "median_ms": 0.138375,
    "mean_ms": 0.13865,
    "iters": 50
  },
  "reference_timing": {
    "min_ms": 0.30212500132620335,
    "median_ms": 0.33129198709502816,
    "mean_ms": 0.3481234225910157,
    "iters": 50,
    "peak_memory_bytes": 20975636
  },
  "outputs": [
    {
      "ok": true,
      "max_err": 9.5367431640625e-07
    }
  ],
  "target": "speed",
  "score": 2.3941607016804203
}