{
  "task": "selu",
  "chip": {
    "type": "m2",
    "name": "Apple M2",
    "bucket": "apple-m2",
    "cpu_cores": 8,
    "gpu_cores": 8,
    "ram_bytes": 8589934592
  },
  "metal_device": "Apple M2",
  "tg_static_mem_bytes": 0,
  "pso_max_threads_per_tg": 1024,
  "correct": true,
  "metrics": {
    "speedup": 10.513541120779832,
    "gflops": 66.22473726758287,
    "gbps": 105.95957962813259,
    "arith_intensity": 0.625,
    "stability": 0.9093498736503561
  },
  "speedup": 10.513541120779832,
  "kernel_timing": {
    "chip": {
      "type": "m2",
      "name": "Apple M2",
      "bucket": "apple-m2",
      "cpu_cores": 8,
      "gpu_cores": 8,
      "ram_bytes": 8589934592
    },
    "metal_device": "Apple M2",
    "tg_static_mem_bytes": 0,
    "pso_max_threads_per_tg": 1024,
    "min_ms": 0.019417,
    "median_ms": 0.019792,
    "mean_ms": 0.021765,
    "iters": 100
  },
  "reference_timing": {
    "min_ms": 0.2014579949900508,
    "median_ms": 0.20808400586247444,
    "mean_ms": 0.2192191529320553,
    "iters": 100,
    "peak_memory_bytes": 5242912
  },
  "outputs": [
    {
      "ok": true,
      "max_err": 5.7220458984375e-06
    }
  ],
  "target": "speed",
  "score": 10.513541120779832
}