{
  "task": "selu",
  "chip": {
    "type": "m2",
    "name": "Apple M2",
    "bucket": "apple-m2",
    "cpu_cores": 8,
    "gpu_cores": 8,
    "ram_bytes": 8589934592
  },
  "metal_device": "Apple M2",
  "tg_static_mem_bytes": 0,
  "pso_max_threads_per_tg": 1024,
  "correct": true,
  "metrics": {
    "speedup": 12.10546639712551,
    "gflops": 66.36556962025317,
    "gbps": 106.18491139240507,
    "arith_intensity": 0.625,
    "stability": 0.9956142561879316
  },
  "speedup": 12.10546639712551,
  "kernel_timing": {
    "chip": {
      "type": "m2",
      "name": "Apple M2",
      "bucket": "apple-m2",
      "cpu_cores": 8,
      "gpu_cores": 8,
      "ram_bytes": 8589934592
    },
    "metal_device": "Apple M2",
    "tg_static_mem_bytes": 0,
    "pso_max_threads_per_tg": 1024,
    "min_ms": 0.019375,
    "median_ms": 0.01975,
    "mean_ms": 0.019837,
    "iters": 50
  },
  "reference_timing": {
    "min_ms": 0.21445797756314278,
    "median_ms": 0.23908296134322882,
    "mean_ms": 0.24074752116575837,
    "iters": 50,
    "peak_memory_bytes": 5242912
  },
  "outputs": [
    {
      "ok": true,
      "max_err": 5.7220458984375e-06
    }
  ],
  "target": "speed",
  "score": 12.10546639712551
}