{
  "task": "sigmoid",
  "chip": {
    "type": "m2",
    "name": "Apple M2",
    "bucket": "apple-m2",
    "cpu_cores": 8,
    "gpu_cores": 8,
    "ram_bytes": 8589934592
  },
  "metal_device": "Apple M2",
  "tg_static_mem_bytes": 0,
  "pso_max_threads_per_tg": 1024,
  "correct": true,
  "metrics": {
    "speedup": 12.241104770006624,
    "gflops": 52.75854088050313,
    "gbps": 105.51708176100627,
    "arith_intensity": 0.5,
    "stability": 0.9964403890504363
  },
  "speedup": 12.241104770006624,
  "kernel_timing": {
    "chip": {
      "type": "m2",
      "name": "Apple M2",
      "bucket": "apple-m2",
      "cpu_cores": 8,
      "gpu_cores": 8,
      "ram_bytes": 8589934592
    },
    "metal_device": "Apple M2",
    "tg_static_mem_bytes": 0,
    "pso_max_threads_per_tg": 1024,
    "min_ms": 0.019375,
    "median_ms": 0.019875,
    "mean_ms": 0.019946,
    "iters": 50
  },
  "reference_timing": {
    "min_ms": 0.22433401318266988,
    "median_ms": 0.24329195730388165,
    "mean_ms": 0.2543558576144278,
    "iters": 50,
    "peak_memory_bytes": 5242896
  },
  "outputs": [
    {
      "ok": true,
      "max_err": 1.1920928955078125e-07
    }
  ],
  "target": "speed",
  "score": 12.241104770006624
}