{
  "task": "softmax",
  "chip": {
    "type": "m2",
    "name": "Apple M2",
    "bucket": "apple-m2",
    "cpu_cores": 8,
    "gpu_cores": 8,
    "ram_bytes": 8589934592
  },
  "metal_device": "Apple M2",
  "tg_static_mem_bytes": 256,
  "pso_max_threads_per_tg": 1024,
  "correct": true,
  "metrics": {
    "speedup": 1.4690487903728895,
    "gflops": 24.7256675564275,
    "gbps": 39.561068090283996,
    "arith_intensity": 0.625,
    "stability": 0.9890479966416345
  },
  "speedup": 1.4690487903728895,
  "kernel_timing": {
    "chip": {
      "type": "m2",
      "name": "Apple M2",
      "bucket": "apple-m2",
      "cpu_cores": 8,
      "gpu_cores": 8,
      "ram_bytes": 8589934592
    },
    "metal_device": "Apple M2",
    "tg_static_mem_bytes": 256,
    "pso_max_threads_per_tg": 1024,
    "min_ms": 0.210958,
    "median_ms": 0.212042,
    "mean_ms": 0.21439,
    "iters": 50
  },
  "reference_timing": {
    "min_ms": 0.29925000853836536,
    "median_ms": 0.31150004360824823,
    "mean_ms": 0.3167316457256675,
    "iters": 50,
    "peak_memory_bytes": 20971536
  },
  "outputs": [
    {
      "ok": true,
      "max_err": 7.450580596923828e-09
    }
  ],
  "target": "speed",
  "score": 1.4690487903728895
}