{
  "task": "sqr_mm",
  "chip": {
    "type": "m2",
    "name": "Apple M2",
    "bucket": "apple-m2",
    "cpu_cores": 8,
    "gpu_cores": 8,
    "ram_bytes": 8589934592
  },
  "metal_device": "Apple M2",
  "tg_static_mem_bytes": 18944,
  "pso_max_threads_per_tg": 896,
  "correct": true,
  "metrics": {
    "speedup": 1.3552179024128703,
    "gflops": 1896.790533552029,
    "gbps": 11.114007032531422,
    "arith_intensity": 170.66666666666666,
    "stability": 0.9946165097799778
  },
  "speedup": 1.3552179024128703,
  "kernel_timing": {
    "chip": {
      "type": "m2",
      "name": "Apple M2",
      "bucket": "apple-m2",
      "cpu_cores": 8,
      "gpu_cores": 8,
      "ram_bytes": 8589934592
    },
    "metal_device": "Apple M2",
    "tg_static_mem_bytes": 18944,
    "pso_max_threads_per_tg": 896,
    "min_ms": 1.1265,
    "median_ms": 1.132167,
    "mean_ms": 1.138295,
    "iters": 100
  },
  "reference_timing": {
    "min_ms": 1.252415997441858,
    "median_ms": 1.534332986921072,
    "mean_ms": 1.570046219858341,
    "iters": 100,
    "peak_memory_bytes": 25165840
  },
  "outputs": [
    {
      "ok": true,
      "max_err": 0.0
    }
  ],
  "target": "speed",
  "score": 1.3552179024128703
}