{
  "task": "sqr_mm",
  "chip": {
    "type": "m2",
    "name": "Apple M2",
    "bucket": "apple-m2",
    "cpu_cores": 8,
    "gpu_cores": 8,
    "ram_bytes": 8589934592
  },
  "metal_device": "Apple M2",
  "tg_static_mem_bytes": 16384,
  "pso_max_threads_per_tg": 896,
  "correct": true,
  "metrics": {
    "speedup": 1.3328701414388864,
    "gflops": 1704.1830358099394,
    "gbps": 9.985447475448863,
    "arith_intensity": 170.66666666666666,
    "stability": 0.9677435457524496
  },
  "speedup": 1.3328701414388864,
  "kernel_timing": {
    "chip": {
      "type": "m2",
      "name": "Apple M2",
      "bucket": "apple-m2",
      "cpu_cores": 8,
      "gpu_cores": 8,
      "ram_bytes": 8589934592
    },
    "metal_device": "Apple M2",
    "tg_static_mem_bytes": 16384,
    "pso_max_threads_per_tg": 896,
    "min_ms": 1.200625,
    "median_ms": 1.260125,
    "mean_ms": 1.302127,
    "iters": 100
  },
  "reference_timing": {
    "min_ms": 1.299499999731779,
    "median_ms": 1.6795829869806767,
    "mean_ms": 1.774704598938115,
    "iters": 100,
    "cold_start": true,
    "peak_memory_bytes": 20971536
  },
  "outputs": [
    {
      "ok": true,
      "max_err": 0.0
    }
  ],
  "target": "speed",
  "score": 1.3328701414388864
}