{
  "task": "sqr_mm",
  "chip": {
    "type": "m2",
    "name": "Apple M2",
    "bucket": "apple-m2",
    "cpu_cores": 8,
    "gpu_cores": 8,
    "ram_bytes": 8589934592
  },
  "metal_device": "Apple M2",
  "tg_static_mem_bytes": 18944,
  "pso_max_threads_per_tg": 896,
  "correct": true,
  "metrics": {
    "speedup": 0.728935565362964,
    "gflops": 1313.1444763433462,
    "gbps": 7.694205916074294,
    "arith_intensity": 170.66666666666666,
    "stability": 0.9768197383440161
  },
  "speedup": 0.728935565362964,
  "kernel_timing": {
    "chip": {
      "type": "m2",
      "name": "Apple M2",
      "bucket": "apple-m2",
      "cpu_cores": 8,
      "gpu_cores": 8,
      "ram_bytes": 8589934592
    },
    "metal_device": "Apple M2",
    "tg_static_mem_bytes": 18944,
    "pso_max_threads_per_tg": 896,
    "min_ms": 1.145625,
    "median_ms": 1.635375,
    "mean_ms": 1.674183,
    "iters": 20
  },
  "reference_timing": {
    "min_ms": 1.16004201117903,
    "median_ms": 1.1920830002054572,
    "mean_ms": 1.2091688462533057,
    "iters": 20,
    "peak_memory_bytes": 25165840
  },
  "outputs": [
    {
      "ok": true,
      "max_err": 0.0
    }
  ],
  "target": "speed",
  "score": 0.728935565362964
}