{
  "task": "sqr_mm",
  "chip": {
    "type": "m2",
    "name": "Apple M2",
    "bucket": "apple-m2",
    "cpu_cores": 8,
    "gpu_cores": 8,
    "ram_bytes": 8589934592
  },
  "metal_device": "Apple M2",
  "tg_static_mem_bytes": 18944,
  "pso_max_threads_per_tg": 896,
  "correct": true,
  "metrics": {
    "speedup": 0.9954312627221897,
    "gflops": 1868.7989974980965,
    "gbps": 10.949994125965409,
    "arith_intensity": 170.66666666666666,
    "stability": 0.8508242990903315
  },
  "speedup": 0.9954312627221897,
  "kernel_timing": {
    "chip": {
      "type": "m2",
      "name": "Apple M2",
      "bucket": "apple-m2",
      "cpu_cores": 8,
      "gpu_cores": 8,
      "ram_bytes": 8589934592
    },
    "metal_device": "Apple M2",
    "tg_static_mem_bytes": 18944,
    "pso_max_threads_per_tg": 896,
    "min_ms": 1.142375,
    "median_ms": 1.149125,
    "mean_ms": 1.350602,
    "iters": 50
  },
  "reference_timing": {
    "min_ms": 1.1132499785162508,
    "median_ms": 1.1438749497756362,
    "mean_ms": 1.1883499380201101,
    "iters": 50,
    "peak_memory_bytes": 25165840
  },
  "outputs": [
    {
      "ok": true,
      "max_err": 0.0
    }
  ],
  "target": "speed",
  "score": 0.9954312627221897
}