{
  "task": "sqr_mm",
  "chip": {
    "type": "m2",
    "name": "Apple M2",
    "bucket": "apple-m2",
    "cpu_cores": 8,
    "gpu_cores": 8,
    "ram_bytes": 8589934592
  },
  "metal_device": "Apple M2",
  "tg_static_mem_bytes": 18944,
  "pso_max_threads_per_tg": 896,
  "correct": true,
  "metrics": {
    "speedup": 1.2108453470508593,
    "gflops": 1893.5158364377821,
    "gbps": 11.09481935412763,
    "arith_intensity": 170.66666666666666,
    "stability": 0.9876324426753006
  },
  "speedup": 1.2108453470508593,
  "kernel_timing": {
    "chip": {
      "type": "m2",
      "name": "Apple M2",
      "bucket": "apple-m2",
      "cpu_cores": 8,
      "gpu_cores": 8,
      "ram_bytes": 8589934592
    },
    "metal_device": "Apple M2",
    "tg_static_mem_bytes": 18944,
    "pso_max_threads_per_tg": 896,
    "min_ms": 1.127208,
    "median_ms": 1.134125,
    "mean_ms": 1.148327,
    "iters": 50
  },
  "reference_timing": {
    "min_ms": 1.2576250010170043,
    "median_ms": 1.373249979224056,
    "mean_ms": 1.425240021198988,
    "iters": 50,
    "peak_memory_bytes": 25165840
  },
  "outputs": [
    {
      "ok": true,
      "max_err": 0.0
    }
  ],
  "target": "speed",
  "score": 1.2108453470508593
}