{
  "task": "sqr_mm",
  "chip": {
    "type": "m2",
    "name": "Apple M2",
    "bucket": "apple-m2",
    "cpu_cores": 8,
    "gpu_cores": 8,
    "ram_bytes": 8589934592
  },
  "metal_device": "Apple M2",
  "tg_static_mem_bytes": 18944,
  "pso_max_threads_per_tg": 896,
  "correct": true,
  "metrics": {
    "speedup": 1.1815632699182221,
    "gflops": 1898.887051834927,
    "gbps": 11.126291319345276,
    "arith_intensity": 170.66666666666666,
    "stability": 0.9386652213536695
  },
  "speedup": 1.1815632699182221,
  "kernel_timing": {
    "chip": {
      "type": "m2",
      "name": "Apple M2",
      "bucket": "apple-m2",
      "cpu_cores": 8,
      "gpu_cores": 8,
      "ram_bytes": 8589934592
    },
    "metal_device": "Apple M2",
    "tg_static_mem_bytes": 18944,
    "pso_max_threads_per_tg": 896,
    "min_ms": 1.127,
    "median_ms": 1.130917,
    "mean_ms": 1.204814,
    "iters": 30
  },
  "reference_timing": {
    "min_ms": 1.2203329824842513,
    "median_ms": 1.3362499885261059,
    "mean_ms": 1.304641633760184,
    "iters": 30,
    "peak_memory_bytes": 25165840
  },
  "outputs": [
    {
      "ok": true,
      "max_err": 0.0
    }
  ],
  "target": "speed",
  "score": 1.1815632699182221
}