{
  "task": "swish",
  "chip": {
    "type": "m2",
    "name": "Apple M2",
    "bucket": "apple-m2",
    "cpu_cores": 8,
    "gpu_cores": 8,
    "ram_bytes": 8589934592
  },
  "metal_device": "Apple M2",
  "tg_static_mem_bytes": 0,
  "pso_max_threads_per_tg": 1024,
  "correct": true,
  "metrics": {
    "speedup": 12.591197126129138,
    "gflops": 65.94817610062893,
    "gbps": 105.51708176100627,
    "arith_intensity": 0.625,
    "stability": 0.9999496880660093
  },
  "speedup": 12.591197126129138,
  "kernel_timing": {
    "chip": {
      "type": "m2",
      "name": "Apple M2",
      "bucket": "apple-m2",
      "cpu_cores": 8,
      "gpu_cores": 8,
      "ram_bytes": 8589934592
    },
    "metal_device": "Apple M2",
    "tg_static_mem_bytes": 0,
    "pso_max_threads_per_tg": 1024,
    "min_ms": 0.019458,
    "median_ms": 0.019875,
    "mean_ms": 0.019876,
    "iters": 50
  },
  "reference_timing": {
    "min_ms": 0.2305000089108944,
    "median_ms": 0.2502500428818166,
    "mean_ms": 0.2504466590471566,
    "iters": 50,
    "peak_memory_bytes": 5242896
  },
  "outputs": [
    {
      "ok": true,
      "max_err": 4.76837158203125e-07
    }
  ],
  "target": "speed",
  "score": 12.591197126129138
}