{
  "task": "swish",
  "chip": {
    "type": "m2",
    "name": "Apple M2",
    "bucket": "apple-m2",
    "cpu_cores": 8,
    "gpu_cores": 8,
    "ram_bytes": 8589934592
  },
  "metal_device": "Apple M2",
  "tg_static_mem_bytes": 0,
  "pso_max_threads_per_tg": 1024,
  "correct": true,
  "metrics": {
    "speedup": 13.217350366382874,
    "gflops": 65.80910779735903,
    "gbps": 105.29457247577447,
    "arith_intensity": 0.625,
    "stability": 0.9936639393334664
  },
  "speedup": 13.217350366382874,
  "kernel_timing": {
    "chip": {
      "type": "m2",
      "name": "Apple M2",
      "bucket": "apple-m2",
      "cpu_cores": 8,
      "gpu_cores": 8,
      "ram_bytes": 8589934592
    },
    "metal_device": "Apple M2",
    "tg_static_mem_bytes": 0,
    "pso_max_threads_per_tg": 1024,
    "min_ms": 0.01925,
    "median_ms": 0.019917,
    "mean_ms": 0.020044,
    "iters": 100
  },
  "reference_timing": {
    "min_ms": 0.23687502834945917,
    "median_ms": 0.2632499672472477,
    "mean_ms": 0.26691207953263074,
    "iters": 100,
    "peak_memory_bytes": 5242896
  },
  "outputs": [
    {
      "ok": true,
      "max_err": 4.76837158203125e-07
    }
  ],
  "target": "speed",
  "score": 13.217350366382874
}