{
  "task": "tanh",
  "chip": {
    "type": "m2",
    "name": "Apple M2",
    "bucket": "apple-m2",
    "cpu_cores": 8,
    "gpu_cores": 8,
    "ram_bytes": 8589934592
  },
  "metal_device": "Apple M2",
  "tg_static_mem_bytes": 0,
  "pso_max_threads_per_tg": 1024,
  "correct": true,
  "metrics": {
    "speedup": 13.235397636890411,
    "gflops": 52.428799999999995,
    "gbps": 104.85759999999999,
    "arith_intensity": 0.5,
    "stability": 0.9936900680677697
  },
  "speedup": 13.235397636890411,
  "kernel_timing": {
    "chip": {
      "type": "m2",
      "name": "Apple M2",
      "bucket": "apple-m2",
      "cpu_cores": 8,
      "gpu_cores": 8,
      "ram_bytes": 8589934592
    },
    "metal_device": "Apple M2",
    "tg_static_mem_bytes": 0,
    "pso_max_threads_per_tg": 1024,
    "min_ms": 0.0195,
    "median_ms": 0.02,
    "mean_ms": 0.020127,
    "iters": 50
  },
  "reference_timing": {
    "min_ms": 0.24158298037946224,
    "median_ms": 0.2647079527378082,
    "mean_ms": 0.2675208146683872,
    "iters": 50,
    "peak_memory_bytes": 5242896
  },
  "outputs": [
    {
      "ok": true,
      "max_err": 2.384185791015625e-07
    }
  ],
  "target": "speed",
  "score": 13.235397636890411
}