{
  "task": "trace",
  "chip": {
    "type": "m2",
    "name": "Apple M2",
    "bucket": "apple-m2",
    "cpu_cores": 8,
    "gpu_cores": 8,
    "ram_bytes": 8589934592
  },
  "metal_device": "Apple M2",
  "tg_static_mem_bytes": 128,
  "pso_max_threads_per_tg": 1024,
  "correct": true,
  "metrics": {
    "speedup": 17.6254933737718,
    "gflops": 0.2065140667540587,
    "gbps": 0.8264596148028637,
    "arith_intensity": 0.24987798926305516,
    "stability": 0.999798285426122
  },
  "speedup": 17.6254933737718,
  "kernel_timing": {
    "chip": {
      "type": "m2",
      "name": "Apple M2",
      "bucket": "apple-m2",
      "cpu_cores": 8,
      "gpu_cores": 8,
      "ram_bytes": 8589934592
    },
    "metal_device": "Apple M2",
    "tg_static_mem_bytes": 128,
    "pso_max_threads_per_tg": 1024,
    "min_ms": 0.009792,
    "median_ms": 0.009917,
    "mean_ms": 0.009915,
    "iters": 50
  },
  "reference_timing": {
    "min_ms": 0.16554107423871756,
    "median_ms": 0.17479201778769493,
    "mean_ms": 0.18196584191173315,
    "iters": 50,
    "peak_memory_bytes": 4210716
  },
  "outputs": [
    {
      "ok": true,
      "max_err": 0.0
    }
  ],
  "target": "speed",
  "score": 17.6254933737718
}